-- You can use this file to load seed data into the database using SQL statements
insert into T_Beautician (Beautician_ID, Beautician_Name, Beautician_img, Beautician_CellPhone,Beautician_feature)
values (1, '李莫愁1', 'image/limochou', 'dsfdsdsdfddsfsdfasdfads') ;
insert into T_Beautician (Beautician_ID, Beautician_Name, Beautician_img, Beautician_CellPhone,Beautician_feature)
values (2, '李莫愁2', 'image/limochou', 'dsfdsdsdfddsfsdfasdfads') ;
insert into T_Beautician (Beautician_ID, Beautician_Name, Beautician_img, Beautician_CellPhone,Beautician_feature)
values (3, '李莫愁3', 'image/limochou', 'dsfdsdsdfddsfsdfasdfads') ;
insert into T_Beautician (Beautician_ID, Beautician_Name, Beautician_img, Beautician_CellPhone,Beautician_feature)
values (4, '李莫愁4', 'image/limochou', 'dsfdsdsdfddsfsdfasdfads') ;
insert into t_user(name,addr) values('YGL','SH');
insert into t_user(name,addr) values('Admin','SH');

insert into t_beauticianworks(Beautician_ID,works_img,works_duration,works_spendtime,works_remark)
values(1,'image/work.1.jpg','2天','2小时','&nbsp&nbsp&nbsp&nbsp超值造型，让你的宠物比别人更美丽、更有活力，赶快行动吧！留下你的电话，立刻让您的宝宝拥有与众不同的外表。');
insert into t_beauticianworks(Beautician_ID,works_img,works_duration,works_spendtime,works_remark)
values(1,'image/work.2.jpg','2天','2小时','&nbsp&nbsp&nbsp&nbsp超值造型，让你的宠物比别人更美丽、更有活力，赶快行动吧！留下你的电话，立刻让您的宝宝拥有与众不同的外表。');
insert into t_beauticianworks(Beautician_ID,works_img,works_duration,works_spendtime,works_remark)
values(1,'image/work.3.jpg','2天','2小时','&nbsp&nbsp&nbsp&nbsp超值造型，让你的宠物比别人更美丽、更有活力，赶快行动吧！留下你的电话，立刻让您的宝宝拥有与众不同的外表。');
insert into t_beauticianworks(Beautician_ID,works_img,works_duration,works_spendtime,works_remark)
values(1,'image/work.4.jpg','2天','2小时','&nbsp&nbsp&nbsp&nbsp超值造型，让你的宠物比别人更美丽、更有活力，赶快行动吧！留下你的电话，立刻让您的宝宝拥有与众不同的外表。');
insert into t_beauticianworks(Beautician_ID,works_img,works_duration,works_spendtime,works_remark)
values(1,'image/work.5.jpg','2天','2小时','&nbsp&nbsp&nbsp&nbsp超值造型，让你的宠物比别人更美丽、更有活力，赶快行动吧！留下你的电话，立刻让您的宝宝拥有与众不同的外表。');
insert into t_beauticianworks(Beautician_ID,works_img,works_duration,works_spendtime,works_remark)
values(1,'image/work.6.jpg','2天','2小时','&nbsp&nbsp&nbsp&nbsp超值造型，让你的宠物比别人更美丽、更有活力，赶快行动吧！留下你的电话，立刻让您的宝宝拥有与众不同的外表。');
insert into t_beauticianworks(Beautician_ID,works_img,works_duration,works_spendtime,works_remark)
values(2,'image/work.1.jpg','2天','2小时','&nbsp&nbsp&nbsp&nbsp超值造型，让你的宠物比别人更美丽、更有活力，赶快行动吧！留下你的电话，立刻让您的宝宝拥有与众不同的外表。');
insert into t_beauticianworks(Beautician_ID,works_img,works_duration,works_spendtime,works_remark)
values(2,'image/work.2.jpg','2天','2小时','&nbsp&nbsp&nbsp&nbsp超值造型，让你的宠物比别人更美丽、更有活力，赶快行动吧！留下你的电话，立刻让您的宝宝拥有与众不同的外表。');
insert into t_beauticianworks(Beautician_ID,works_img,works_duration,works_spendtime,works_remark)
values(2,'image/work.3.jpg','2天','2小时','&nbsp&nbsp&nbsp&nbsp超值造型，让你的宠物比别人更美丽、更有活力，赶快行动吧！留下你的电话，立刻让您的宝宝拥有与众不同的外表。');
insert into t_beauticianworks(Beautician_ID,works_img,works_duration,works_spendtime,works_remark)
values(2,'image/work.4.jpg','2天','2小时','&nbsp&nbsp&nbsp&nbsp超值造型，让你的宠物比别人更美丽、更有活力，赶快行动吧！留下你的电话，立刻让您的宝宝拥有与众不同的外表。');
insert into t_beauticianworks(Beautician_ID,works_img,works_duration,works_spendtime,works_remark)
values(2,'image/work.5.jpg','2天','2小时','&nbsp&nbsp&nbsp&nbsp超值造型，让你的宠物比别人更美丽、更有活力，赶快行动吧！留下你的电话，立刻让您的宝宝拥有与众不同的外表。');
insert into t_beauticianworks(Beautician_ID,works_img,works_duration,works_spendtime,works_remark)
values(3,'image/work.1.jpg','2天','2小时','&nbsp&nbsp&nbsp&nbsp超值造型，让你的宠物比别人更美丽、更有活力，赶快行动吧！留下你的电话，立刻让您的宝宝拥有与众不同的外表。');
insert into t_beauticianworks(Beautician_ID,works_img,works_duration,works_spendtime,works_remark)
values(3,'image/work.2.jpg','2天','2小时','&nbsp&nbsp&nbsp&nbsp超值造型，让你的宠物比别人更美丽、更有活力，赶快行动吧！留下你的电话，立刻让您的宝宝拥有与众不同的外表。');
insert into t_beauticianworks(Beautician_ID,works_img,works_duration,works_spendtime,works_remark)
values(3,'image/work.3.jpg','2天','2小时','&nbsp&nbsp&nbsp&nbsp超值造型，让你的宠物比别人更美丽、更有活力，赶快行动吧！留下你的电话，立刻让您的宝宝拥有与众不同的外表。');
insert into t_beauticianworks(Beautician_ID,works_img,works_duration,works_spendtime,works_remark)
values(3,'image/work.4.jpg','2天','2小时','&nbsp&nbsp&nbsp&nbsp超值造型，让你的宠物比别人更美丽、更有活力，赶快行动吧！留下你的电话，立刻让您的宝宝拥有与众不同的外表。');
insert into t_beauticianworks(Beautician_ID,works_img,works_duration,works_spendtime,works_remark)
values(3,'image/work.5.jpg','2天','2小时','&nbsp&nbsp&nbsp&nbsp超值造型，让你的宠物比别人更美丽、更有活力，赶快行动吧！留下你的电话，立刻让您的宝宝拥有与众不同的外表。');


insert into t_comment(beautician_id,comment_detail,comment_Time,Order_Code)
values(1,'做的不错，下次还来！',now(),'IU9032333I');
insert into t_comment(beautician_id,comment_detail,comment_Time,Order_Code)
values(1,'做的不错，下次还来！',now(),'IU2333333I');
insert into t_comment(beautician_id,comment_detail,comment_Time,Order_Code)
values(1,'做的不错，下次还来！',now(),'FD90E333I');
insert into t_comment(beautician_id,comment_detail,comment_Time,Order_Code)
values(2,'做的不错，下次还来！',now(),'XF9E43332');
insert into t_comment(beautician_id,comment_detail,comment_Time,Order_Code)
values(2,'做的不错，下次还来！',now(),'XX90322334');
insert into t_comment(beautician_id,comment_detail,comment_Time,Order_Code)
values(3,'做的不错，下次还来！',now(),'GRR90323432');
insert into t_comment(beautician_id,comment_detail,comment_Time,Order_Code)
values(3,'做的不错，下次还来！',now(),'GY903233DG');
insert into t_comment(beautician_id,comment_detail,comment_Time,Order_Code)
values(3,'做的不错，下次还来！',now(),'TR90323344');


